Category Name,Category URL,Subcategory Name,Subcategory URL
*Giải phóng hàng tồn,https://tinnha.vn/product/sales/,,
*Giải phóng hàng tồn,https://tinnha.vn/product/sales/,Cao su lấy dấu,https://tinnha.vn/product/sales/cao-su-lay-dau/
*Giải phóng hàng tồn,https://tinnha.vn/product/sales/cao-su-lay-dau/,,
*Giải phóng hàng tồn,https://tinnha.vn/product/sales/,Chỉnh nha,https://tinnha.vn/product/sales/chinh-nha-sales/
*Giải phóng hàng tồn,https://tinnha.vn/product/sales/chinh-nha-sales/,,
*Giải phóng hàng tồn,https://tinnha.vn/product/sales/,Dụng cụ Hàn Quốc,https://tinnha.vn/product/sales/giai-phong-hang-ton/
*Giải phóng hàng tồn,https://tinnha.vn/product/sales/giai-phong-hang-ton/,,
*Giải phóng hàng tồn,https://tinnha.vn/product/sales/,Nội nha,https://tinnha.vn/product/sales/noi-nha-sales/
*Giải phóng hàng tồn,https://tinnha.vn/product/sales/noi-nha-sales/,,
*Giải phóng hàng tồn,https://tinnha.vn/product/sales/,Tẩy trắng,https://tinnha.vn/product/sales/tay-trang-sales/
*Giải phóng hàng tồn,https://tinnha.vn/product/sales/tay-trang-sales/,,
*Giải phóng hàng tồn,https://tinnha.vn/product/sales/,Vật liệu tiêu hao,https://tinnha.vn/product/sales/vat-lieu/
*Giải phóng hàng tồn,https://tinnha.vn/product/sales/vat-lieu/,,
*Giải phóng hàng tồn,https://tinnha.vn/product/sales/,Vật liệu trám,https://tinnha.vn/product/sales/vat-lieu-tram-sales/
*Giải phóng hàng tồn,https://tinnha.vn/product/sales/vat-lieu-tram-sales/,,
Chỉnh nha,https://tinnha.vn/product/chinh-nha/,,
Chỉnh nha,https://tinnha.vn/product/chinh-nha/,Dây,https://tinnha.vn/product/chinh-nha/day/
Chỉnh nha,https://tinnha.vn/product/chinh-nha/day/,,
Chỉnh nha,https://tinnha.vn/product/chinh-nha/,Dây cung,https://tinnha.vn/product/chinh-nha/day-cung/
Chỉnh nha,https://tinnha.vn/product/chinh-nha/day-cung/,,
Chỉnh nha,https://tinnha.vn/product/chinh-nha/,Dụng cụ chỉnh nha,https://tinnha.vn/product/chinh-nha/dung-cu-chinh-nha/
Chỉnh nha,https://tinnha.vn/product/chinh-nha/dung-cu-chinh-nha/,,
Chỉnh nha,https://tinnha.vn/product/chinh-nha/,"Khâu, ống",https://tinnha.vn/product/chinh-nha/khau-ong/
Chỉnh nha,https://tinnha.vn/product/chinh-nha/khau-ong/,,
Chỉnh nha,https://tinnha.vn/product/chinh-nha/,Lò xo,https://tinnha.vn/product/chinh-nha/lo-xo/
Chỉnh nha,https://tinnha.vn/product/chinh-nha/lo-xo/,,
Chỉnh nha,https://tinnha.vn/product/chinh-nha/,Mắc cài,https://tinnha.vn/product/chinh-nha/mac-cai/
Chỉnh nha,https://tinnha.vn/product/chinh-nha/mac-cai/,,
Chỉnh nha,https://tinnha.vn/product/chinh-nha/,Thun,https://tinnha.vn/product/chinh-nha/thun/
Chỉnh nha,https://tinnha.vn/product/chinh-nha/thun/,,
Dụng cụ Hàn Quốc,https://tinnha.vn/product/dung-cu-han-quoc/,,
Dụng cụ Hàn Quốc,https://tinnha.vn/product/dung-cu-han-quoc/,Dụng cụ phẫu thuật Hàn Quốc,https://tinnha.vn/product/dung-cu-han-quoc/dung-cu-phau-thuat-han-quoc/
Dụng cụ Hàn Quốc,https://tinnha.vn/product/dung-cu-han-quoc/dung-cu-phau-thuat-han-quoc/,,
Dụng cụ TN,https://tinnha.vn/product/dung-cu/,,
Dụng cụ TN,https://tinnha.vn/product/dung-cu/,Banh môi,https://tinnha.vn/product/dung-cu/banh-moi/
Dụng cụ TN,https://tinnha.vn/product/dung-cu/banh-moi/,,
Dụng cụ TN,https://tinnha.vn/product/dung-cu/,Bay,https://tinnha.vn/product/dung-cu/bay/
Dụng cụ TN,https://tinnha.vn/product/dung-cu/bay/,,
Dụng cụ TN,https://tinnha.vn/product/dung-cu/,Bóc tách,https://tinnha.vn/product/dung-cu/boc-tach/
Dụng cụ TN,https://tinnha.vn/product/dung-cu/boc-tach/,,
Dụng cụ TN,https://tinnha.vn/product/dung-cu/,Búa,https://tinnha.vn/product/dung-cu/bua/
Dụng cụ TN,https://tinnha.vn/product/dung-cu/bua/,,
Dụng cụ TN,https://tinnha.vn/product/dung-cu/,Cán gương,https://tinnha.vn/product/dung-cu/can-guong/
Dụng cụ TN,https://tinnha.vn/product/dung-cu/can-guong/,,
Dụng cụ TN,https://tinnha.vn/product/dung-cu/,Cây ấn dây,https://tinnha.vn/product/dung-cu/cay-an-day/
Dụng cụ TN,https://tinnha.vn/product/dung-cu/cay-an-day/,,
Dụng cụ TN,https://tinnha.vn/product/dung-cu/,Cây cắt xương,https://tinnha.vn/product/dung-cu/cay-cat-xuong/
Dụng cụ TN,https://tinnha.vn/product/dung-cu/cay-cat-xuong/,,
Dụng cụ TN,https://tinnha.vn/product/dung-cu/,"Cây đo túi, nạo túi",https://tinnha.vn/product/dung-cu/cay-do-tui-nao-tui/
Dụng cụ TN,https://tinnha.vn/product/dung-cu/cay-do-tui-nao-tui/,,
Dụng cụ TN,https://tinnha.vn/product/dung-cu/,Cây đưa MTA,https://tinnha.vn/product/dung-cu/cay-dua-mta/
Dụng cụ TN,https://tinnha.vn/product/dung-cu/cay-dua-mta/,,
Dụng cụ TN,https://tinnha.vn/product/dung-cu/,Cây dũa xương,https://tinnha.vn/product/dung-cu/cay-dua-xuong/
Dụng cụ TN,https://tinnha.vn/product/dung-cu/cay-dua-xuong/,,
Dụng cụ TN,https://tinnha.vn/product/dung-cu/,Cây giảm căng vạt,https://tinnha.vn/product/dung-cu/cay-giam-cang-vat/
Dụng cụ TN,https://tinnha.vn/product/dung-cu/cay-giam-cang-vat/,,
Dụng cụ TN,https://tinnha.vn/product/dung-cu/,Cây nạo ngà,https://tinnha.vn/product/dung-cu/cay-nao-nga/
Dụng cụ TN,https://tinnha.vn/product/dung-cu/cay-nao-nga/,,
Dụng cụ TN,https://tinnha.vn/product/dung-cu/,Cây nạo túi nha chu,https://tinnha.vn/product/dung-cu/cay-nao-tui-nha-chu-dung-cu/
Dụng cụ TN,https://tinnha.vn/product/dung-cu/cay-nao-tui-nha-chu-dung-cu/,,
Dụng cụ TN,https://tinnha.vn/product/dung-cu/,Cây nạo xương,https://tinnha.vn/product/dung-cu/cay-nao-xuong/
Dụng cụ TN,https://tinnha.vn/product/dung-cu/cay-nao-xuong/,,
Dụng cụ TN,https://tinnha.vn/product/dung-cu/,Cây nhồi chất trám,https://tinnha.vn/product/dung-cu/cay-nhoi-chat-tram/
Dụng cụ TN,https://tinnha.vn/product/dung-cu/cay-nhoi-chat-tram/,,
Dụng cụ TN,https://tinnha.vn/product/dung-cu/,"Cốc rỗng, chén trộn",https://tinnha.vn/product/dung-cu/coc-rong/
Dụng cụ TN,https://tinnha.vn/product/dung-cu/coc-rong/,,
Dụng cụ TN,https://tinnha.vn/product/dung-cu/,"Dao, cán dao",https://tinnha.vn/product/dung-cu/dao-can-dao/
Dụng cụ TN,https://tinnha.vn/product/dung-cu/dao-can-dao/,,
Dụng cụ TN,https://tinnha.vn/product/dung-cu/,Dụng cụ ghép xương,https://tinnha.vn/product/dung-cu/dung-cu-ghep-xuong/
Dụng cụ TN,https://tinnha.vn/product/dung-cu/dung-cu-ghep-xuong/,,
Dụng cụ TN,https://tinnha.vn/product/dung-cu/,Dụng cụ nâng xoang,https://tinnha.vn/product/dung-cu/dung-cu-nang-xoang/
Dụng cụ TN,https://tinnha.vn/product/dung-cu/dung-cu-nang-xoang/,,
Dụng cụ TN,https://tinnha.vn/product/dung-cu/,Dụng cụ nghiền xương,https://tinnha.vn/product/dung-cu/dung-cu-nghien-xuong/
Dụng cụ TN,https://tinnha.vn/product/dung-cu/dung-cu-nghien-xuong/,,
Dụng cụ TN,https://tinnha.vn/product/dung-cu/,Dụng cụ phục hồi,https://tinnha.vn/product/dung-cu/dung-cu-phuc-hoi/
Dụng cụ TN,https://tinnha.vn/product/dung-cu/dung-cu-phuc-hoi/,,
Dụng cụ TN,https://tinnha.vn/product/dung-cu/,kềm ba chấu,https://tinnha.vn/product/dung-cu/kem-ba-chau/
Dụng cụ TN,https://tinnha.vn/product/dung-cu/kem-ba-chau/,,
Dụng cụ TN,https://tinnha.vn/product/dung-cu/,Kềm bấm xương,https://tinnha.vn/product/dung-cu/kem-bam-xuong/
Dụng cụ TN,https://tinnha.vn/product/dung-cu/kem-bam-xuong/,,
Dụng cụ TN,https://tinnha.vn/product/dung-cu/,Kềm bẻ dây,https://tinnha.vn/product/dung-cu/kem-be-day/
Dụng cụ TN,https://tinnha.vn/product/dung-cu/kem-be-day/,,
Dụng cụ TN,https://tinnha.vn/product/dung-cu/,Kềm bẻ dây cung,https://tinnha.vn/product/dung-cu/kem-be-day-cung/
Dụng cụ TN,https://tinnha.vn/product/dung-cu/kem-be-day-cung/,,
Dụng cụ TN,https://tinnha.vn/product/dung-cu/,Kềm bẻ dây Young,https://tinnha.vn/product/dung-cu/kem-be-day-young/
Dụng cụ TN,https://tinnha.vn/product/dung-cu/kem-be-day-young/,,
Dụng cụ TN,https://tinnha.vn/product/dung-cu/,Kềm bẻ đuôi dây Cinchback,https://tinnha.vn/product/dung-cu/kem-be-duoi-day-cinchback/
Dụng cụ TN,https://tinnha.vn/product/dung-cu/kem-be-duoi-day-cinchback/,,
Dụng cụ TN,https://tinnha.vn/product/dung-cu/,Kềm cắt dây mảnh,https://tinnha.vn/product/dung-cu/kem-cat-day-manh/
Dụng cụ TN,https://tinnha.vn/product/dung-cu/kem-cat-day-manh/,,
Dụng cụ TN,https://tinnha.vn/product/dung-cu/,Kềm cắt xa,https://tinnha.vn/product/dung-cu/kem-cat-xa/
Dụng cụ TN,https://tinnha.vn/product/dung-cu/kem-cat-xa/,,
Dụng cụ TN,https://tinnha.vn/product/dung-cu/,Kềm chỉnh nha,https://tinnha.vn/product/dung-cu/kem-chinh-nha/
Dụng cụ TN,https://tinnha.vn/product/dung-cu/kem-chinh-nha/,,
Dụng cụ TN,https://tinnha.vn/product/dung-cu/,Kềm Mathieu,https://tinnha.vn/product/dung-cu/kem-mathieu/
Dụng cụ TN,https://tinnha.vn/product/dung-cu/kem-mathieu/,,
Dụng cụ TN,https://tinnha.vn/product/dung-cu/,Kềm tháo mắc cài,https://tinnha.vn/product/dung-cu/kem-thao-mac-cai/
Dụng cụ TN,https://tinnha.vn/product/dung-cu/kem-thao-mac-cai/,,
Dụng cụ TN,https://tinnha.vn/product/dung-cu/,Kềm tháo mắc cài Tweed,https://tinnha.vn/product/dung-cu/kem-thao-mac-cai-tweed/
Dụng cụ TN,https://tinnha.vn/product/dung-cu/kem-thao-mac-cai-tweed/,,
Dụng cụ TN,https://tinnha.vn/product/dung-cu/,Kềm Weigart,https://tinnha.vn/product/dung-cu/kem-weigart/
Dụng cụ TN,https://tinnha.vn/product/dung-cu/kem-weigart/,,
Dụng cụ TN,https://tinnha.vn/product/dung-cu/,Kéo cắt phẫu thuật,https://tinnha.vn/product/dung-cu/keo-cat-phau-thuat/
Dụng cụ TN,https://tinnha.vn/product/dung-cu/keo-cat-phau-thuat/,,
Dụng cụ TN,https://tinnha.vn/product/dung-cu/,Kẹp gắp,https://tinnha.vn/product/dung-cu/kep-gap/
Dụng cụ TN,https://tinnha.vn/product/dung-cu/kep-gap/,,
Dụng cụ TN,https://tinnha.vn/product/dung-cu/,Kẹp giữ kim,https://tinnha.vn/product/dung-cu/kep-giu-kim/
Dụng cụ TN,https://tinnha.vn/product/dung-cu/kep-giu-kim/,,
Dụng cụ TN,https://tinnha.vn/product/dung-cu/,Kẹp Kelly,https://tinnha.vn/product/dung-cu/kep-kelly/
Dụng cụ TN,https://tinnha.vn/product/dung-cu/kep-kelly/,,
Dụng cụ TN,https://tinnha.vn/product/dung-cu/,Kẹp kim,https://tinnha.vn/product/dung-cu/kep-kim/
Dụng cụ TN,https://tinnha.vn/product/dung-cu/kep-kim/,,
Dụng cụ TN,https://tinnha.vn/product/dung-cu/,Kẹp phẫu tích,https://tinnha.vn/product/dung-cu/kep-phau-tich/
Dụng cụ TN,https://tinnha.vn/product/dung-cu/kep-phau-tich/,,
Dụng cụ TN,https://tinnha.vn/product/dung-cu/,Khay đựng dụng cụ,https://tinnha.vn/product/dung-cu/khay-dung-dung-cu/
Dụng cụ TN,https://tinnha.vn/product/dung-cu/khay-dung-dung-cu/,,
Dụng cụ TN,https://tinnha.vn/product/dung-cu/,Khay lấy dấu,https://tinnha.vn/product/dung-cu/khay-lay-dau/
Dụng cụ TN,https://tinnha.vn/product/dung-cu/khay-lay-dau/,,
Dụng cụ TN,https://tinnha.vn/product/dung-cu/,Kim phun sương,https://tinnha.vn/product/dung-cu/kim-phun-suong/
Dụng cụ TN,https://tinnha.vn/product/dung-cu/kim-phun-suong/,,
Dụng cụ TN,https://tinnha.vn/product/dung-cu/,Mặt gương,https://tinnha.vn/product/dung-cu/mat-guong/
Dụng cụ TN,https://tinnha.vn/product/dung-cu/mat-guong/,,
Dụng cụ TN,https://tinnha.vn/product/dung-cu/,"Nạy, Bẩy răng",https://tinnha.vn/product/dung-cu/nay-bay-rang/
Dụng cụ TN,https://tinnha.vn/product/dung-cu/nay-bay-rang/,,
Dụng cụ TN,https://tinnha.vn/product/dung-cu/,Ống hút phẫu thuật,https://tinnha.vn/product/dung-cu/ong-hut-phau-thuat/
Dụng cụ TN,https://tinnha.vn/product/dung-cu/ong-hut-phau-thuat/,,
Dụng cụ TN,https://tinnha.vn/product/dung-cu/,Thám trâm,https://tinnha.vn/product/dung-cu/tham-tram/
Dụng cụ TN,https://tinnha.vn/product/dung-cu/tham-tram/,,
Dụng cụ TN,https://tinnha.vn/product/dung-cu/,Thước đo,https://tinnha.vn/product/dung-cu/thuoc-do/
Dụng cụ TN,https://tinnha.vn/product/dung-cu/thuoc-do/,,
Gel lành thương,https://tinnha.vn/product/gel-lanh-thuong/,,
Kit phẫu thuật,https://tinnha.vn/product/kit-phau-thuat/,,
Mũi khoan,https://tinnha.vn/product/mui-khoan-kim-cuong/,,
Mũi khoan,https://tinnha.vn/product/mui-khoan-kim-cuong/,Ball (Đầu tròn),https://tinnha.vn/product/mui-khoan-kim-cuong/ball/
Mũi khoan,https://tinnha.vn/product/mui-khoan-kim-cuong/ball/,,
Mũi khoan,https://tinnha.vn/product/mui-khoan-kim-cuong/,Barrel (Dạng khối lập phương),https://tinnha.vn/product/mui-khoan-kim-cuong/barrel-dang-khoi-lap-phuong/
Mũi khoan,https://tinnha.vn/product/mui-khoan-kim-cuong/barrel-dang-khoi-lap-phuong/,,
Mũi khoan,https://tinnha.vn/product/mui-khoan-kim-cuong/,Beveled Cylinder (Hình trụ vát),https://tinnha.vn/product/mui-khoan-kim-cuong/beveled-cylinder-hinh-tru-vat/
Mũi khoan,https://tinnha.vn/product/mui-khoan-kim-cuong/beveled-cylinder-hinh-tru-vat/,,
Mũi khoan,https://tinnha.vn/product/mui-khoan-kim-cuong/,Bud (Hình nụ),https://tinnha.vn/product/mui-khoan-kim-cuong/bud-hinh-nu/
Mũi khoan,https://tinnha.vn/product/mui-khoan-kim-cuong/bud-hinh-nu/,,
Mũi khoan,https://tinnha.vn/product/mui-khoan-kim-cuong/,Depth Marker (Đánh dấu độ sâu),https://tinnha.vn/product/mui-khoan-kim-cuong/depth-marker-danh-dau-do-sau/
Mũi khoan,https://tinnha.vn/product/mui-khoan-kim-cuong/depth-marker-danh-dau-do-sau/,,
Mũi khoan,https://tinnha.vn/product/mui-khoan-kim-cuong/,Edo Access Diamonds (Kim cương Edo),https://tinnha.vn/product/mui-khoan-kim-cuong/edo-access-diamonds-kim-cuong-edo/
Mũi khoan,https://tinnha.vn/product/mui-khoan-kim-cuong/edo-access-diamonds-kim-cuong-edo/,,
Mũi khoan,https://tinnha.vn/product/mui-khoan-kim-cuong/,Egg (Hình quả trứng),https://tinnha.vn/product/mui-khoan-kim-cuong/egg-hinh-qua-trung/
Mũi khoan,https://tinnha.vn/product/mui-khoan-kim-cuong/egg-hinh-qua-trung/,,
Mũi khoan,https://tinnha.vn/product/mui-khoan-kim-cuong/,End Cutting Cyl (Cắt kết thúc),https://tinnha.vn/product/mui-khoan-kim-cuong/end-cutting-cyl-cat-ket-thuc/
Mũi khoan,https://tinnha.vn/product/mui-khoan-kim-cuong/end-cutting-cyl-cat-ket-thuc/,,
Mũi khoan,https://tinnha.vn/product/mui-khoan-kim-cuong/,Falme (Hình ngọn lửa),https://tinnha.vn/product/mui-khoan-kim-cuong/falme-hinh-ngon-lua/
Mũi khoan,https://tinnha.vn/product/mui-khoan-kim-cuong/falme-hinh-ngon-lua/,,
Mũi khoan,https://tinnha.vn/product/mui-khoan-kim-cuong/,Flame Needle short head (Kim ngọn lửa đầu ngắn),https://tinnha.vn/product/mui-khoan-kim-cuong/flame-needle-short-head-kim-ngon-lua-dau-ngan/
Mũi khoan,https://tinnha.vn/product/mui-khoan-kim-cuong/flame-needle-short-head-kim-ngon-lua-dau-ngan/,,
Mũi khoan,https://tinnha.vn/product/mui-khoan-kim-cuong/,Flat and Cylinder (Cắt composite),https://tinnha.vn/product/mui-khoan-kim-cuong/flat-and-cylinder-cat-composite/
Mũi khoan,https://tinnha.vn/product/mui-khoan-kim-cuong/flat-and-cylinder-cat-composite/,,
Mũi khoan,https://tinnha.vn/product/mui-khoan-kim-cuong/,Flat end Cylinder (Hình trụ cuối phẳng),https://tinnha.vn/product/mui-khoan-kim-cuong/flat-end-cylinder-hinh-tru-cuoi-phang/
Mũi khoan,https://tinnha.vn/product/mui-khoan-kim-cuong/flat-end-cylinder-hinh-tru-cuoi-phang/,,
Mũi khoan,https://tinnha.vn/product/mui-khoan-kim-cuong/,Flat End Taper (Trụ thuôn đầu phẳng),https://tinnha.vn/product/mui-khoan-kim-cuong/flat-end-taper-tru-thuon-dau-phang/
Mũi khoan,https://tinnha.vn/product/mui-khoan-kim-cuong/flat-end-taper-tru-thuon-dau-phang/,,
Mũi khoan,https://tinnha.vn/product/mui-khoan-kim-cuong/,Gingival Curettage (Nạo nướu),https://tinnha.vn/product/mui-khoan-kim-cuong/gingival-curettage-nao-nuou/
Mũi khoan,https://tinnha.vn/product/mui-khoan-kim-cuong/gingival-curettage-nao-nuou/,,
Mũi khoan,https://tinnha.vn/product/mui-khoan-kim-cuong/,Gross Reduction Cylinder,https://tinnha.vn/product/mui-khoan-kim-cuong/gross-reduction-cylinder/
Mũi khoan,https://tinnha.vn/product/mui-khoan-kim-cuong/gross-reduction-cylinder/,,
Mũi khoan,https://tinnha.vn/product/mui-khoan-kim-cuong/,Guide Pin- Cylinder (Hình trụ dẫn),https://tinnha.vn/product/mui-khoan-kim-cuong/guide-pin-cylinder-hinh-tru-dan/
Mũi khoan,https://tinnha.vn/product/mui-khoan-kim-cuong/guide-pin-cylinder-hinh-tru-dan/,,
Mũi khoan,https://tinnha.vn/product/mui-khoan-kim-cuong/,Interdental (Mũi khai thác),https://tinnha.vn/product/mui-khoan-kim-cuong/interdental-mui-khai-thac/
Mũi khoan,https://tinnha.vn/product/mui-khoan-kim-cuong/interdental-mui-khai-thac/,,
Mũi khoan,https://tinnha.vn/product/mui-khoan-kim-cuong/,Inverted cone (Nón ngược),https://tinnha.vn/product/mui-khoan-kim-cuong/inverted-cone-non-nguoc/
Mũi khoan,https://tinnha.vn/product/mui-khoan-kim-cuong/inverted-cone-non-nguoc/,,
Mũi khoan,https://tinnha.vn/product/mui-khoan-kim-cuong/,Pointed Bud (Nụ nhọn),https://tinnha.vn/product/mui-khoan-kim-cuong/pointed-bud-nu-nhon/
Mũi khoan,https://tinnha.vn/product/mui-khoan-kim-cuong/pointed-bud-nu-nhon/,,
Mũi khoan,https://tinnha.vn/product/mui-khoan-kim-cuong/,Pointed cone (Mài chỉnh composite),https://tinnha.vn/product/mui-khoan-kim-cuong/pointed-cone-mai-chinh-composite/
Mũi khoan,https://tinnha.vn/product/mui-khoan-kim-cuong/pointed-cone-mai-chinh-composite/,,
Mũi khoan,https://tinnha.vn/product/mui-khoan-kim-cuong/,Round (Đầu tròn),https://tinnha.vn/product/mui-khoan-kim-cuong/round-dau-tron/
Mũi khoan,https://tinnha.vn/product/mui-khoan-kim-cuong/round-dau-tron/,,
Mũi khoan,https://tinnha.vn/product/mui-khoan-kim-cuong/,Round and Taper (Mũi mài cùi),https://tinnha.vn/product/mui-khoan-kim-cuong/round-and-taper-mui-mai-cui/
Mũi khoan,https://tinnha.vn/product/mui-khoan-kim-cuong/round-and-taper-mui-mai-cui/,,
Mũi khoan,https://tinnha.vn/product/mui-khoan-kim-cuong/,Round and Taper (Trụ thuôn đầu tròn),https://tinnha.vn/product/mui-khoan-kim-cuong/round-and-taper-tru-thuon-dau-tron/
Mũi khoan,https://tinnha.vn/product/mui-khoan-kim-cuong/round-and-taper-tru-thuon-dau-tron/,,
Mũi khoan,https://tinnha.vn/product/mui-khoan-kim-cuong/,Round long (Đầu tròn dài),https://tinnha.vn/product/mui-khoan-kim-cuong/round-long-dau-tron-dai/
Mũi khoan,https://tinnha.vn/product/mui-khoan-kim-cuong/round-long-dau-tron-dai/,,
Mũi khoan,https://tinnha.vn/product/mui-khoan-kim-cuong/,Round with collar (Đầu tròn có cổ),https://tinnha.vn/product/mui-khoan-kim-cuong/round-with-collar-dau-tron-co-co/
Mũi khoan,https://tinnha.vn/product/mui-khoan-kim-cuong/round-with-collar-dau-tron-co-co/,,
Mũi khoan,https://tinnha.vn/product/mui-khoan-kim-cuong/,Safe End (Hoàn tất Composite),https://tinnha.vn/product/mui-khoan-kim-cuong/safe-end-hoan-tat-composite/
Mũi khoan,https://tinnha.vn/product/mui-khoan-kim-cuong/safe-end-hoan-tat-composite/,,
Mũi khoan,https://tinnha.vn/product/mui-khoan-kim-cuong/,Torpedo (Hình tên lửa),https://tinnha.vn/product/mui-khoan-kim-cuong/torpedo-hinh-ten-lua/
Mũi khoan,https://tinnha.vn/product/mui-khoan-kim-cuong/torpedo-hinh-ten-lua/,,
Mũi khoan,https://tinnha.vn/product/mui-khoan-kim-cuong/,Wheel (Đầu bánh xe),https://tinnha.vn/product/mui-khoan-kim-cuong/wheel-dau-banh-xe/
Mũi khoan,https://tinnha.vn/product/mui-khoan-kim-cuong/wheel-dau-banh-xe/,,
Nội nha,https://tinnha.vn/product/noi-nha/,,
Nội nha,https://tinnha.vn/product/noi-nha/,Thiết bị nội nha,https://tinnha.vn/product/noi-nha/thiet-bi-noi-nha/
Nội nha,https://tinnha.vn/product/noi-nha/thiet-bi-noi-nha/,,
Nội nha,https://tinnha.vn/product/noi-nha/,Trâm nội nha,https://tinnha.vn/product/noi-nha/tram-noi-nha/
Nội nha,https://tinnha.vn/product/noi-nha/tram-noi-nha/,,
Nội nha,https://tinnha.vn/product/noi-nha/,Vật liệu nội nha,https://tinnha.vn/product/noi-nha/vat-lieu-noi-nha/
Nội nha,https://tinnha.vn/product/noi-nha/vat-lieu-noi-nha/,,
Sản phẩm khác,https://tinnha.vn/product/san-pham-khac/,,
Tẩy trắng,https://tinnha.vn/product/tay-trang/,,
Thiết bị,https://tinnha.vn/product/thiet-bi/,,
Thiết bị,https://tinnha.vn/product/thiet-bi/,Đèn tẩy trắng,https://tinnha.vn/product/thiet-bi/den-tay-trang/
Thiết bị,https://tinnha.vn/product/thiet-bi/den-tay-trang/,,
Thiết bị,https://tinnha.vn/product/thiet-bi/,Đèn trám,https://tinnha.vn/product/thiet-bi/den-tram/
Thiết bị,https://tinnha.vn/product/thiet-bi/den-tram/,,
Thiết bị,https://tinnha.vn/product/thiet-bi/,Thiết bị khác,https://tinnha.vn/product/thiet-bi/thiet-bi-khac/
Thiết bị,https://tinnha.vn/product/thiet-bi/thiet-bi-khac/,,
Vật liệu cấy ghép,https://tinnha.vn/product/vat-lieu-cay-ghep/,,
Vật liệu cấy ghép,https://tinnha.vn/product/vat-lieu-cay-ghep/,Màng collagen và PTFE,https://tinnha.vn/product/vat-lieu-cay-ghep/mang-collagen-va-ptfe/
Vật liệu cấy ghép,https://tinnha.vn/product/vat-lieu-cay-ghep/mang-collagen-va-ptfe/,,
Vật liệu cấy ghép,https://tinnha.vn/product/vat-lieu-cay-ghep/,Màng titan,https://tinnha.vn/product/vat-lieu-cay-ghep/mang-titan/
Vật liệu cấy ghép,https://tinnha.vn/product/vat-lieu-cay-ghep/mang-titan/,,
Vật liệu cấy ghép,https://tinnha.vn/product/vat-lieu-cay-ghep/,"Vis, tac",https://tinnha.vn/product/vat-lieu-cay-ghep/vis-tac/
Vật liệu cấy ghép,https://tinnha.vn/product/vat-lieu-cay-ghep/vis-tac/,,
Vật liệu cấy ghép,https://tinnha.vn/product/vat-lieu-cay-ghep/,Xương dị loại,https://tinnha.vn/product/vat-lieu-cay-ghep/xuong-di-loai/
Vật liệu cấy ghép,https://tinnha.vn/product/vat-lieu-cay-ghep/xuong-di-loai/,,
Vật liệu cấy ghép,https://tinnha.vn/product/vat-lieu-cay-ghep/,Xương tổng hợp,https://tinnha.vn/product/vat-lieu-cay-ghep/xuong-tong-hop/
Vật liệu cấy ghép,https://tinnha.vn/product/vat-lieu-cay-ghep/xuong-tong-hop/,,
Vật liệu gắn,https://tinnha.vn/product/vat-lieu-gan/,,
Vật liệu lấy dấu,https://tinnha.vn/product/vat-lieu-lay-dau/,,
Vật liệu tiêu hao,https://tinnha.vn/product/vat-lieu-tieu-hao/,,
Vật liệu trám,https://tinnha.vn/product/vat-lieu-tram/,,
Vật liệu trám,https://tinnha.vn/product/vat-lieu-tram/,Micerium,https://tinnha.vn/product/vat-lieu-tram/micerium/
Vật liệu trám,https://tinnha.vn/product/vat-lieu-tram/micerium/,,
