Main Category,Main URL,Subcategory,Subcategory URL
Trang chủ,https://tinnha.vn/,,
Giới thiệu,https://tinnha.vn/gioi-thieu/,,
Sản phẩm,https://tinnha.vn/shop/,*Giải phóng hàng tồn,https://tinnha.vn/product/sales/
Sản phẩm,https://tinnha.vn/shop/,Megagen,https://tinnha.vn/product/megagen/
Sản phẩm,https://tinnha.vn/shop/,Vật liệu cấy ghép,https://tinnha.vn/product/vat-lieu-cay-ghep/
Sản phẩm,https://tinnha.vn/shop/,Nội nha,https://tinnha.vn/product/noi-nha/
Sản phẩm,https://tinnha.vn/shop/,Chỉnh nha,https://tinnha.vn/product/chinh-nha/
Sản phẩm,https://tinnha.vn/shop/,Tune aligners,https://tinnha.vn/product/tune-clear-aligners/
Sản phẩm,https://tinnha.vn/shop/,Dụng cụ TN,https://tinnha.vn/product/dung-cu/
Sản phẩm,https://tinnha.vn/shop/,Thiết bị,https://tinnha.vn/product/thiet-bi/
Sản phẩm,https://tinnha.vn/shop/,Vật liệu trám,https://tinnha.vn/product/vat-lieu-tram/
Sản phẩm,https://tinnha.vn/shop/,Vật liệu tiêu hao,https://tinnha.vn/product/vat-lieu-tieu-hao/
Sản phẩm,https://tinnha.vn/shop/,Vật liệu gắn,https://tinnha.vn/product/vat-lieu-gan/
Sản phẩm,https://tinnha.vn/shop/,Vật liệu lấy dấu,https://tinnha.vn/product/vat-lieu-lay-dau/
Sản phẩm,https://tinnha.vn/shop/,Tẩy trắng,https://tinnha.vn/product/tay-trang/
Sản phẩm,https://tinnha.vn/shop/,Mũi khoan,https://tinnha.vn/product/mui-khoan-kim-cuong/
Sản phẩm,https://tinnha.vn/shop/,Kit phẫu thuật,https://tinnha.vn/product/kit-phau-thuat/
Nhà cung cấp,https://tinnha.vn/nha-cung-cap-san-pham-nha-khoa/,,
Megagen,https://tinnha.vn/megagen/,,
R2 Gate,https://tinnha.vn/r2-gate/,,
Tin tức,https://tinnha.vn/category/tin-tuc/,Thông tin khóa học,https://tinnha.vn/category/tin-tuc/thong-tin-khoa-hoc/
Tin tức,https://tinnha.vn/category/tin-tuc/,"Chương trình hội nghị, hội thảo",https://tinnha.vn/category/tin-tuc/workshops/
Tin tức,https://tinnha.vn/category/tin-tuc/,Thông tin sản phẩm,https://tinnha.vn/category/tin-tuc/thong-tin-san-pham/
Tuyển dụng,https://tinnha.vn/tuyen-dung/,,
Tài liệu,https://tinnha.vn/category/tai-lieu/,,
Liên hệ,https://tinnha.vn/lien-he/,,
